USE graduation_management_system;

INSERT INTO Instructor (Ins_id, Ins_name, Ins_college)
VALUES
  ('I000201', '刘辅导员', '计算机学院'),
  ('I000202', '何辅导员', '卓越学院');

INSERT INTO Teacher (Tea_id, Tea_name, Tea_institute, Tea_education_level)
VALUES
  ('T000201', '张老师', '软件工程', '硕士'),
  ('T000202', '李老师', '计算机科学', '博士'),
  ('T000203', '王老师', '人工智能', '硕士'),
  ('T000204', '赵老师', '软件工程', '博士'),
  ('T000205', '周老师', '计算机科学', '硕士');

INSERT INTO Student (Stu_id, Stu_name, Stu_college, Stu_major, enrollment_year, Instructor_Ins_id, Teacher_Tea_id)
VALUES
  ('S20240000001', '学生01', '计算机学院', '软件工程', 2024, 'I000201', NULL),
  ('S20240000002', '学生02', '计算机学院', '软件工程', 2024, 'I000201', NULL),
  ('S20240000003', '学生03', '计算机学院', '人工智能', 2024, 'I000201', NULL),
  ('S20240000004', '学生04', '计算机学院', '人工智能', 2024, 'I000201', NULL),
  ('S20240000005', '学生05', '计算机学院', '计算机科学', 2024, 'I000201', NULL),
  ('S20240000006', '学生06', '计算机学院', '计算机科学', 2024, 'I000201', NULL),
  ('S20240000007', '学生07', '卓越学院', '计算机科学与技术', 2024, 'I000202', NULL),
  ('S20240000008', '学生08', '卓越学院', '计算机科学与技术', 2024, 'I000202', NULL),
  ('S20240000009', '学生09', '卓越学院', 'EDA', 2024, 'I000202', NULL),
  ('S20240000010', '学生10', '卓越学院', 'EDA', 2024, 'I000202', NULL),
  ('S20240000011', '学生11', '计算机学院', '软件工程', 2024, 'I000201', NULL),
  ('S20240000012', '学生12', '计算机学院', '软件工程', 2024, 'I000201', NULL),
  ('S20240000013', '学生13', '计算机学院', '人工智能', 2024, 'I000201', NULL),
  ('S20240000014', '学生14', '计算机学院', '人工智能', 2024, 'I000201', NULL),
  ('S20240000015', '学生15', '计算机学院', '计算机科学', 2024, 'I000201', NULL),
  ('S20240000016', '学生16', '计算机学院', '计算机科学', 2024, 'I000201', NULL),
  ('S20240000017', '学生17', '卓越学院', '计算机科学与技术', 2024, 'I000202', NULL),
  ('S20240000018', '学生18', '卓越学院', '计算机科学与技术', 2024, 'I000202', NULL),
  ('S20240000019', '学生19', '卓越学院', 'EDA', 2024, 'I000202', NULL),
  ('S20240000020', '学生20', '卓越学院', 'EDA', 2024, 'I000202', NULL);

INSERT INTO Judge (Jud_id, Jud_name, Jud_group, Jud_institute)
VALUES
  ('J100201', '审题A', '审题组', '软件工程'),
  ('J200201', '开题A', '开题评审组', '计算机科学'),
  ('J300201', '中期A', '中期检查小组', '人工智能'),
  ('J400201', '二审A', '论文二审组', '软件工程'),
  ('J400202', '二审B', '论文二审组', '软件工程'),
  ('J500201', '答辩A', '毕设评委组', '计算机科学');

INSERT INTO Office (Off_id, Off_name)
VALUES ('1', '教科办');
