USE graduation_management_system;

-- 25 个课题（5 位教师各 5 个）
INSERT INTO Topic (Topic_id, Topic_name, Topic_description, Topic_type, Teacher_Tea_id, Topic_major, Topic_status, review_status, academic_year)
VALUES
  (1001, '课题A1', '软件工程方向课题', '教师自拟', 'T000201', JSON_ARRAY('软件工程'), '已发布', '审核通过', '2024-2025'),
  (1002, '课题A2', '软件工程方向课题', '科研项目', 'T000201', JSON_ARRAY('软件工程'), '已发布', '审核通过', '2024-2025'),
  (1003, '课题A3', '软件工程方向课题', '教师自拟', 'T000201', JSON_ARRAY('软件工程', '计算机科学'), '已发布', '审核通过', '2024-2025'),
  (1004, '课题A4', '跨专业课题', '科研项目', 'T000201', JSON_ARRAY('软件工程', '人工智能'), '已发布', '审核通过', '2024-2025'),
  (1005, '课题A5', '跨专业课题', '教师自拟', 'T000201', JSON_ARRAY('软件工程', '计算机科学与技术'), '已发布', '审核通过', '2024-2025'),
  (1006, '课题B1', '计算机科学方向课题', '教师自拟', 'T000202', JSON_ARRAY('计算机科学'), '已发布', '审核通过', '2024-2025'),
  (1007, '课题B2', '计算机科学方向课题', '科研项目', 'T000202', JSON_ARRAY('计算机科学'), '已发布', '审核通过', '2024-2025'),
  (1008, '课题B3', '跨专业课题', '教师自拟', 'T000202', JSON_ARRAY('计算机科学', '软件工程'), '已发布', '审核通过', '2024-2025'),
  (1009, '课题B4', '跨专业课题', '科研项目', 'T000202', JSON_ARRAY('计算机科学', '人工智能'), '已发布', '审核通过', '2024-2025'),
  (1010, '课题B5', '卓越学院方向课题', '教师自拟', 'T000202', JSON_ARRAY('计算机科学与技术'), '已发布', '审核通过', '2024-2025'),
  (1011, '课题C1', '人工智能方向课题', '教师自拟', 'T000203', JSON_ARRAY('人工智能'), '已发布', '审核通过', '2024-2025'),
  (1012, '课题C2', '人工智能方向课题', '科研项目', 'T000203', JSON_ARRAY('人工智能'), '已发布', '审核通过', '2024-2025'),
  (1013, '课题C3', '跨专业课题', '教师自拟', 'T000203', JSON_ARRAY('人工智能', '软件工程'), '已发布', '审核通过', '2024-2025'),
  (1014, '课题C4', '跨专业课题', '科研项目', 'T000203', JSON_ARRAY('人工智能', '计算机科学'), '已发布', '审核通过', '2024-2025'),
  (1015, '课题C5', '卓越学院方向课题', '教师自拟', 'T000203', JSON_ARRAY('EDA'), '已发布', '审核通过', '2024-2025'),
  (1016, '课题D1', '软件工程方向课题', '教师自拟', 'T000204', JSON_ARRAY('软件工程'), '已发布', '审核通过', '2024-2025'),
  (1017, '课题D2', '软件工程方向课题', '科研项目', 'T000204', JSON_ARRAY('软件工程'), '已发布', '审核通过', '2024-2025'),
  (1018, '课题D3', '跨专业课题', '教师自拟', 'T000204', JSON_ARRAY('软件工程', '计算机科学'), '已发布', '审核通过', '2024-2025'),
  (1019, '课题D4', '跨专业课题', '科研项目', 'T000204', JSON_ARRAY('软件工程', '人工智能'), '已发布', '审核通过', '2024-2025'),
  (1020, '课题D5', '卓越学院方向课题', '教师自拟', 'T000204', JSON_ARRAY('计算机科学与技术'), '已发布', '审核通过', '2024-2025'),
  (1021, '课题E1', '计算机科学方向课题', '教师自拟', 'T000205', JSON_ARRAY('计算机科学'), '已发布', '审核通过', '2024-2025'),
  (1022, '课题E2', '计算机科学方向课题', '科研项目', 'T000205', JSON_ARRAY('计算机科学'), '已发布', '审核通过', '2024-2025'),
  (1023, '课题E3', '跨专业课题', '教师自拟', 'T000205', JSON_ARRAY('计算机科学', '软件工程'), '已发布', '审核通过', '2024-2025'),
  (1024, '课题E4', '跨专业课题', '科研项目', 'T000205', JSON_ARRAY('计算机科学', '人工智能'), '已发布', '审核通过', '2024-2025'),
  (1025, '课题E5', '卓越学院方向课题', '教师自拟', 'T000205', JSON_ARRAY('EDA'), '已发布', '审核通过', '2024-2025');

-- 选题申请（覆盖多种状态）
INSERT INTO Topic_selection_application (application_id, Student_Stu_id, Topic_Topic_id, Tsa_order_for_topic, Tsa_status)
VALUES
  (2001, 'S20240000001', 1001, 1, '审核通过'),
  (2002, 'S20240000002', 1002, 1, '未审核'),
  (2003, 'S20240000003', 1011, 1, '审核不通过'),
  (2004, 'S20240000004', 1012, 1, '审核通过'),
  (2005, 'S20240000005', 1006, 1, '审核通过'),
  (2006, 'S20240000006', 1007, 1, '未审核'),
  (2007, 'S20240000007', 1010, 1, '审核通过'),
  (2008, 'S20240000008', 1020, 1, '审核不通过'),
  (2009, 'S20240000009', 1015, 1, '审核通过'),
  (2010, 'S20240000010', 1025, 1, '未审核'),
  (2011, 'S20240000011', 1016, 1, '审核通过'),
  (2012, 'S20240000012', 1017, 1, '审核通过'),
  (2013, 'S20240000013', 1013, 1, '审核通过'),
  (2014, 'S20240000014', 1014, 1, '审核不通过'),
  (2015, 'S20240000015', 1021, 1, '审核通过');

-- 开题报告（多状态）
INSERT INTO Thesis_proposal (Tp_id, Topic_selection_application_id, Tp_title, Tp_text, Tp_status, reviewer_id, review_score, review_time)
VALUES
  (3001, 2001, '开题报告A1', '内容示例', '已通过', 'J200201', 88.0, NOW()),
  (3002, 2004, '开题报告A2', '内容示例', '评审中', NULL, NULL, NULL),
  (3003, 2005, '开题报告B1', '内容示例', '已提交', NULL, NULL, NULL),
  (3004, 2007, '开题报告B2', '内容示例', '未通过', 'J200201', 62.0, NOW()),
  (3005, 2009, '开题报告C1', '内容示例', '已通过', 'J200201', 90.0, NOW()),
  (3006, 2011, '开题报告C2', '内容示例', '已通过', 'J200201', 85.0, NOW()),
  (3007, 2012, '开题报告D1', '内容示例', '评审中', NULL, NULL, NULL),
  (3008, 2013, '开题报告D2', '内容示例', '已通过', 'J200201', 92.0, NOW());

-- 中期汇报（多状态）
INSERT INTO Mid_term_report (Mtr_id, Thesis_proposal_Tp_id, Mtr_progress, Mtr_plan, Mtr_status, checker_id, check_time)
VALUES
  (4001, 3001, '进展良好', '后续计划A', '已通过', 'J300201', NOW()),
  (4002, 3005, '进展一般', '后续计划B', '检查中', NULL, NULL),
  (4003, 3006, '进展较慢', '后续计划C', '未通过', 'J300201', NOW());

-- 中期指导记录（确认/未确认）
INSERT INTO Guidance_record (Gr_id, Thesis_proposal_Tp_id, Gr_time, Gr_method, Gr_record, Gr_confirm, confirmed_by, confirmed_time)
VALUES
  (5001, 3001, NOW(), '面谈', '指导记录A', '已确认', 'S20240000001', NOW()),
  (5002, 3005, NOW(), '线上会议', '指导记录B', '未确认', NULL, NULL),
  (5003, 3006, NOW(), '邮件', '指导记录C', '已确认', 'S20240000011', NOW());

-- 论文（初稿、一审稿、终稿）
INSERT INTO Paper (Paper_id, Thesis_proposal_Tp_id, Paper_version, Paper_title, Paper_abstract, Paper_keywords, Paper_text, Paper_status, file_url)
VALUES
  (6001, 3001, '初稿', '论文A1', '摘要', JSON_ARRAY('关键字'), '初稿内容', '已提交', 'about:blank'),
  (6002, 3001, '一审稿', '论文A1', '摘要', JSON_ARRAY('关键字'), '一审内容', '评审中', 'about:blank'),
  (6003, 3005, '初稿', '论文C1', '摘要', JSON_ARRAY('关键字'), '初稿内容', '评审中', 'about:blank'),
  (6004, 3005, '一审稿', '论文C1', '摘要', JSON_ARRAY('关键字'), '一审内容', '评审中', 'about:blank'),
  (6005, 3006, '终稿', '论文D1', '摘要', JSON_ARRAY('关键字'), '终稿内容', '已提交', 'about:blank');

-- 二审意见（覆盖通过/不通过）
INSERT INTO Second_instance_opinion (Sio_id, Paper_id, reviewer_id, Sio_opinion, Sio_score, Sio_details, Sio_status)
VALUES
  (7001, 6002, 'J400201', '通过', 85.0, JSON_OBJECT('result', '已通过'), '提交'),
  (7002, 6002, 'J400202', '通过', 88.0, JSON_OBJECT('result', '已通过'), '提交'),
  (7003, 6004, 'J400201', '需改进', 60.0, JSON_OBJECT('result', '未通过'), '提交');

-- 答辩记录
INSERT INTO Defense_record (Dr_id, Paper_id, Dr_time, Dr_location, Dr_presentation_score, Dr_response_score, Dr_paper_score, Dr_total_score, Dr_record, Dr_comment, Dr_result)
VALUES
  (8001, 6005, NOW(), 'A101', 88.0, 85.0, 90.0, 87.67, '答辩记录', '总体良好', '良好');
